{
  "teams": {
    "Barcelona": "barcelona",
    "Málaga": "málaga",
    "Zaragoza": "zaragoza",
    "Espanyol": "espanyol",
    "La Coruña": "la-coruña",
    "Athletic Club": "athletic-club",
    "Real Sociedad": "real-sociedad",
    "Racing Sant": "racing-sant",
    "Real Madrid": "real-madrid",
    "Valencia": "valencia",
    "Villarreal": "villarreal",
    "Rayo Vallecano": "rayo-vallecano",
    "Las Palmas": "las-palmas",
    "Alavés": "alavés",
    "Mallorca": "mallorca",
    "Valladolid": "valladolid",
    "Numancia": "numancia",
    "Oviedo": "oviedo",
    "Osasuna": "osasuna",
    "Celta Vigo": "celta-vigo",
    "Sevilla": "sevilla",
    "Betis": "betis",
    "Tenerife": "tenerife",
    "Atlético Madrid": "atlético-madrid",
    "Recreativo": "recreativo",
    "Albacete": "albacete",
    "Real Murcia": "real-murcia",
    "Getafe": "getafe",
    "Levante": "levante",
    "Cádiz": "cádiz",
    "Gimnàstic": "gimnàstic",
    "Almería": "almería",
    "Sporting Gijón": "sporting-gijón",
    "Xerez": "xerez",
    "Hércules": "hércules",
    "Granada": "granada",
    "Elche": "elche",
    "Eibar": "eibar",
    "Córdoba": "córdoba",
    "Leganés": "leganés",
    "Girona": "girona",
    "Huesca": "huesca"
  },
  "stadiums": {
    "Nou Camp": "nou-camp",
    "La Romareda": "la-romareda",
    "Nuevo Riazor": "nuevo-riazor",
    "Anoeta": "anoeta",
    "Santiago Bernabéu": "santiago-bernabéu",
    "El Madrigal": "el-madrigal",
    "Estadio Insular": "estadio-insular",
    "Son Moix": "son-moix",
    "Los Pajaritos": "los-pajaritos",
    "El Sadar": "el-sadar",
    "Mestalla": "mestalla",
    "Campos de Sport del Sardinero": "campos-de-sport-del-sardinero",
    "Nuevo Zorrilla": "nuevo-zorrilla",
    "La Rosaleda": "la-rosaleda",
    "San Mamés": "san-mamés",
    "Estadio de Balaídos": "estadio-de-balaídos",
    "Mendizorroza": "mendizorroza",
    "Carlos Tartiere": "carlos-tartiere",
    "Olímpic Lluís Companys": "olímpic-lluís-companys",
    "Teresa Rivero": "teresa-rivero",
    "Ramón Sánchez Pizjuán": "ramón-sánchez-pizjuán",
    "Heliodoro Rodríguez": "heliodoro-rodríguez",
    "Manuel Ruiz de Lopera": "manuel-ruiz-de-lopera",
    "Nuevo Colombino": "nuevo-colombino",
    "Vicente Calderón": "vicente-calderón",
    "Ramón de Carranza": "ramón-de-carranza",
    "Chapín": "chapín",
    "Olimpico de La Cartuja": "olimpico-de-la-cartuja",
    "Carlos Belmonte": "carlos-belmonte",
    "La Condomina": "la-condomina",
    "Ciutat de València": "ciutat-de-valència",
    "Coliseum Alfonso Pérez": "coliseum-alfonso-pérez",
    "Reyno de Navarra": "reyno-de-navarra",
    "Avenida de Cataluña": "avenida-de-cataluña",
    "Ciudad de Valencia": "ciudad-de-valencia",
    "Ono Estadi": "ono-estadi",
    "Nueva Condomina": "nueva-condomina",
    "Vallejo": "vallejo",
    "Juegos del Mediterráneo": "juegos-del-mediterráneo",
    "El Molinón": "el-molinón",
    "El Sardinero": "el-sardinero",
    "CornellÃ -El Prat": "cornellã--el-prat",
    "José Rico Pérez": "josé-rico-pérez",
    "Ciutat de Valencia": "ciutat-de-valencia",
    "Cornellà -El Prat": "cornellà--el-prat",
    "Nuevo Los Cármenes": "nuevo-los-cármenes",
    "Camp Nou": "camp-nou",
    "Cornellá - El Prat": "cornellá---el-prat",
    "Benito Villamarín": "benito-villamarín",
    "Estadio de Vallecas Teresa Rivero": "estadio-de-vallecas-teresa-rivero",
    "Campos de Sport de El Sardinero": "campos-de-sport-de-el-sardinero",
    "Balaídos": "balaídos",
    "Riazor": "riazor",
    "José Zorrilla": "josé-zorrilla",
    "Estadio Mediterráneo": "estadio-mediterráneo",
    "Martínez Valero": "martínez-valero",
    "Estadio La Rosaleda": "estadio-la-rosaleda",
    "Estadio Ramón Sánchez Pizjuán": "estadio-ramón-sánchez-pizjuán",
    "Estadio Nuevo Los Cármenes": "estadio-nuevo-los-cármenes",
    "Estadio de los Juegos Mediterráneos": "estadio-de-los-juegos-mediterráneos",
    "Estadio Municipal de Ipurúa": "estadio-municipal-de-ipurúa",
    "Estadio Ciudad de Valencia": "estadio-ciudad-de-valencia",
    "Estadio Santiago Bernabéu": "estadio-santiago-bernabéu",
    "Estadio del Rayo Vallecano": "estadio-del-rayo-vallecano",
    "Estadio de Mestalla": "estadio-de-mestalla",
    "Estadio Nuevo Arcángel": "estadio-nuevo-arcángel",
    "Estadio Vicente Calderón": "estadio-vicente-calderón",
    "RCDE Stadium": "rcde-stadium",
    "Estadio de la Cerámica": "estadio-de-la-cerámica",
    "Estadio Municipal de Riazor": "estadio-municipal-de-riazor",
    "Estadio Municipal de Anoeta": "estadio-municipal-de-anoeta",
    "Estadio Manuel Martínez Valero": "estadio-manuel-martínez-valero",
    "Estadio Municipal El Molinón": "estadio-municipal-el-molinón",
    "Estadio Benito Villamarín": "estadio-benito-villamarín",
    "Estadio de Gran Canaria": "estadio-de-gran-canaria",
    "Estadio El Sadar": "estadio-el-sadar",
    "Estadio Municipal de Butarque": "estadio-municipal-de-butarque",
    "Estadio de Mendizorroza": "estadio-de-mendizorroza",
    "Estadi Municipal de Montilivi": "estadi-municipal-de-montilivi",
    "Estadio Wanda Metropolitano": "estadio-wanda-metropolitano",
    "Estadio Abanca-Riazor": "estadio-abanca-riazor",
    "Estadio San Mamés": "estadio-san-mamés",
    "Estadio Municipal José Zorrilla": "estadio-municipal-josé-zorrilla",
    "Estadio El Alcoraz": "estadio-el-alcoraz",
    "Iberostar Estadi": "iberostar-estadi",
    "Estadio Alfredo Di Stéfano": "estadio-alfredo-di-stéfano",
    "Estadio Ramón de Carranza": "estadio-ramón-de-carranza",
    "Estadio Nuevo Mirandilla": "estadio-nuevo-mirandilla",
    "Power Horse Stadium": "power-horse-stadium",
    "Estadio Cívitas Metropolitano": "estadio-cívitas-metropolitano",
    "Reale Arena": "reale-arena",
    "Estadio Abanca Balaídos": "estadio-abanca-balaídos",
    "Estadi Mallorca Son Moix": "estadi-mallorca-son-moix",
    "Estadi Olímpic Lluís Companys": "estadi-olímpic-lluís-companys",
    "Riyadh Air Metropolitan Stadium": "riyadh-air-metropolitan-stadium",
    "Campo de Fútbol de Vallecas": "campo-de-fútbol-de-vallecas",
    "Estadio La Cartuja de Sevilla": "estadio-la-cartuja-de-sevilla",
    "Estadio Nuevo Carlos Tartiere": "estadio-nuevo-carlos-tartiere",
    "Spotify Camp Nou": "spotify-camp-nou"
  }
}